{
  "location": {
    "world": "survie_new",
    "x": 39.085824529972435,
    "y": 30.0,
    "z": 7.4085974841296185,
    "yaw": -184.34845,
    "pitch": 24.599962
  },
  "groups": [
    "default"
  ],
  "operator": false,
  "can-fly": false,
  "walk-speed": 0.2,
  "fly-speed": 0.1
}